Ticker,Close,VWAP_window,Volume,DVOL,SMA4,SMA12,SMA46,Gradient_SMA4,Gradient_SMA46,Deviation_SMA4,Deviation_SMA46,Bars_since_SMA4,RSI6,RSI12,RSI24,RSI_sync_days,ATR10,ATR10_pct,RVOL10_max_10,CLV,CLV_rvol,Star_candle,Star_days_ago,WMA5,WMA10,WMA20,Gradient_WMA20,WMA_sync,WMA_fan_spread
AAOI,121.57,118.581,9354000,1137165780.0,110.925,105.4654,113.6414,4.8096,0.6036,9.9076,7.2804,2.0,79.7716,66.0179,58.9818,3,8.327,6.8495,1.5881,0.9243,1.2207,False,,112.7537,107.5525,104.9728,1.6773,True,7.4123
ABSI,11.53,9.357,4294800,49519044.0,11.03,10.3125,9.2275,3.2246,0.9207,6.981,27.8786,0.0,76.4127,68.9107,64.5082,5,0.7816,6.7791,2.2646,0.4194,0.422,False,,11.0567,10.6317,10.0696,2.0185,True,9.802
ADSK,221.56,232.881,3224400,714398064.0,213.4675,213.13,233.5601,2.1761,-0.1247,6.3066,6.5722,3.0,66.9015,52.2149,49.2972,1,8.3502,3.7688,1.7411,-0.2317,-0.4033,False,,214.0607,211.9578,214.0508,0.3011,False,0.0046
AEO,18.11,16.438,4913200,88978052.0,17.8912,16.8371,16.6777,-0.0559,0.1043,1.4462,8.8278,0.0,73.366,65.0096,56.8799,11,0.7172,3.9604,1.8108,0.8974,0.8258,False,,17.933,17.5716,16.7376,1.0679,True,7.1419
AEP,119.73,123.023,3108800,372216624.0,119.4225,119.1508,122.8961,0.0901,-0.1423,0.9441,3.4713,0.0,52.2446,43.6825,40.2768,3,1.9824,1.6557,1.312,0.1458,0.1044,False,,119.5173,119.1253,119.6313,-0.0886,False,-0.0953
AES,14.9,14.79,9216700,137328830.0,14.9075,14.8642,14.7823,0.0671,0.0074,0.0503,0.9316,0.0,65.9283,63.5687,55.4898,8,0.0456,0.306,2.1532,-1.0,-1.0258,False,,14.904,14.8878,14.862,0.0396,True,0.2823
AFRM,74.75,74.408,4263700,318711575.0,71.2975,70.58,73.5084,1.9116,0.0444,5.0948,1.934,0.0,69.9033,58.3295,53.4309,2,3.4091,4.5607,1.6555,0.9231,1.0493,False,,71.7307,70.79,70.7385,0.5606,True,1.4026
AIG,75.12,76.061,4452000,334434240.0,74.975,74.7975,76.2087,-0.05,-0.1075,0.7002,2.2093,0.0,52.3265,48.7744,45.5304,5,1.4097,1.8767,2.9048,0.2205,0.1881,False,,75.048,74.7809,74.9345,0.0015,False,0.1514
ALGM,38.46,38.075,3483600,133979256.0,37.685,36.3667,37.8762,1.2349,-0.1715,5.3735,4.8416,2.0,67.3804,60.4597,51.1816,12,1.8324,4.7645,2.4652,-0.3434,-0.426,False,,37.9287,37.2462,36.1989,0.761,True,4.7785
AMKR,54.63,51.387,4332800,236700864.0,53.9875,53.3317,51.6878,0.2225,0.2683,4.765,9.4262,2.0,59.5238,58.116,55.4569,2,2.5976,4.7549,1.3852,-0.7674,-1.063,False,,54.3267,53.9098,52.582,0.6257,True,3.3181
APG,40.66,39.647,4447300,180827218.0,39.9375,38.6308,40.0204,1.2028,0.0793,3.7621,3.5471,2.0,85.8818,68.2711,58.3148,7,1.1232,2.7624,1.6324,-0.1782,-0.291,False,,40.08,39.3851,38.5929,0.6069,True,3.8533
APLE,16.4,16.064,3447000,56530800.0,16.36,16.1025,16.0248,0.1989,-0.0285,1.1614,3.2775,0.0,66.9715,61.2018,53.2162,11,0.2939,1.7921,1.6025,-0.0345,-0.049,False,,16.3827,16.3013,16.0525,0.3498,True,2.0569
ASO,51.98,47.885,2657000,138110860.0,49.1625,48.7508,47.8332,2.1018,0.1651,6.5853,9.5475,0.0,74.3869,63.1741,56.3104,2,1.9536,3.7583,2.2954,0.7795,1.7893,False,,49.496,49.0047,49.3559,0.4771,False,0.2839
AVPT,14.66,13.397,3169400,46463404.0,14.2225,13.5883,13.3953,1.9346,0.2991,3.3574,9.7398,0.0,81.6839,69.0091,61.9258,6,0.5181,3.5341,1.9878,0.8987,1.1426,False,,14.2367,13.9095,13.6361,0.8918,True,4.4045
AZTA,42.73,33.631,2370500,101291465.0,37.7125,35.2467,33.2166,5.7646,0.9159,14.5907,30.1005,1.0,93.9425,85.7678,75.3587,11,2.0238,4.7363,3.6932,0.7785,1.6599,False,,38.41,36.6216,35.1227,2.597,True,9.3594
BAX,24.22,25.472,10163100,246150282.0,23.8375,23.5058,25.3315,0.7791,-0.2169,1.8773,8.2763,0.0,65.0463,51.9177,45.6465,1,0.7124,2.9413,1.3751,0.8762,1.168,False,,23.8307,23.7025,23.5888,0.1883,True,1.0253
BB,9.08,8.467,15199100,138007828.0,9.15,8.715,8.3516,0.9885,0.1667,1.6393,11.6548,0.0,62.6316,61.5393,56.8457,6,0.4932,5.432,3.4146,-0.5077,-0.2954,False,,9.1293,8.9445,8.612,0.9174,True,6.0065
BOX,35.34,33.498,2815600,99503304.0,34.4775,33.2229,33.5162,1.8922,0.276,3.1977,6.1576,4.0,74.0287,62.7639,59.591,3,1.1051,3.1269,1.3685,0.5556,0.6315,False,,34.545,33.6202,33.5611,0.4593,True,2.9315
BP,44.62,43.907,8784600,391968852.0,44.4775,44.1458,43.9024,0.6202,0.0198,1.2197,2.5457,0.0,54.5327,51.8061,50.5907,3,1.0975,2.4597,1.4028,0.1398,0.1334,False,,44.486,44.3364,44.4854,-0.0304,False,0.0012
BSY,34.75,34.187,4248300,147628425.0,32.92,32.2125,34.2484,2.7954,-0.0292,7.6853,3.5086,3.0,75.0684,61.9125,54.5012,3,1.3249,3.8128,1.8384,0.3563,0.6551,False,,33.0627,32.4573,32.1414,0.844,True,2.8662
BTSG,62.0,59.846,3401200,210874400.0,59.065,57.1758,59.2952,2.6897,-0.3981,5.4093,5.0,2.0,80.742,61.6396,47.3497,4,2.0401,3.2905,1.5509,0.7647,1.186,False,,59.4673,58.1307,57.6977,0.6568,True,3.0671
CCL,25.56,24.812,22061700,563897052.0,25.2388,23.375,25.0395,0.4219,-0.1917,2.7785,3.5965,4.0,74.5184,64.3529,52.5738,7,0.9428,3.6885,2.5826,-0.2667,-0.185,False,,25.356,24.3953,23.4796,1.0706,True,7.9917
CGNX,64.37,62.888,2283100,146963147.0,63.0525,60.6417,62.1783,1.8811,0.0612,4.1672,5.6318,4.0,73.1736,61.6724,54.2342,5,2.0673,3.2116,1.8105,-0.4476,-0.6296,False,,63.2907,61.5564,60.9006,0.5654,True,3.9246
COHR,333.64,307.736,5425800,1810263912.0,319.415,307.3933,302.571,3.2891,0.6095,6.9956,12.952,2.0,69.7939,62.2935,58.1293,3,20.7809,6.2285,1.3555,-0.0614,-0.0522,False,,322.786,310.3742,304.8333,1.1107,True,5.8894
CRDO,212.48,198.978,7747800,1646252544.0,209.015,198.1358,209.2018,2.4347,0.1185,5.7149,5.6205,0.0,65.7077,59.6127,54.9373,11,13.9558,6.5681,1.4125,-0.1383,-0.1325,False,,209.9573,204.8536,193.4826,1.5502,True,8.5148
CSCO,112.82,112.379,18548100,2092596642.0,110.345,108.5492,111.9105,1.3365,-0.0144,2.5783,1.1433,2.0,77.0373,61.3745,53.0227,4,2.4512,2.1727,2.0458,0.5529,0.5439,False,,110.754,109.1585,108.9025,0.3527,True,1.7002
CTRI,20.72,21.894,2136500,44268280.0,20.5525,20.2717,21.4222,0.4633,-0.6191,2.3233,4.2931,0.0,60.3619,51.1891,40.5829,11,0.7207,3.4783,1.3377,-0.1754,-0.1862,False,,20.6187,20.4584,20.2013,0.3019,True,2.0659
CZR,29.65,29.702,5516400,163561260.0,29.6425,29.6258,29.7109,0.0253,0.0029,0.4301,0.2722,0.0,57.0774,51.4742,50.9082,2,0.1,0.3374,3.6525,-0.7143,-0.7485,False,,29.642,29.6289,29.6355,0.0011,False,0.022
DDOG,276.415,244.038,2350100,649602891.5,275.9862,261.6933,244.0788,0.7022,0.07,2.1246,15.475,0.0,86.4096,71.6463,56.7457,19,11.0364,3.9927,1.8977,-0.6659,-0.545,False,,275.7817,271.5843,258.8505,1.1948,True,6.5409
DHT,23.82,20.683,6284000,149684880.0,23.4075,22.4842,20.5223,1.4957,0.5598,6.7179,21.7214,0.0,80.8431,72.3438,67.2671,5,0.9467,3.9742,1.5714,-0.2052,-0.3225,False,,23.4713,22.8724,22.5502,0.72,True,4.0849
DINO,115.22,100.414,2255700,259901754.0,112.15,109.2508,100.6789,2.1701,0.4931,3.8163,15.6449,0.0,77.0856,68.0873,63.9988,3,4.7783,4.1471,1.856,0.467,0.3645,False,,112.5247,110.0616,109.7889,0.5354,True,2.4919
DKS,137.13,143.281,3848000,527676240.0,135.0875,132.4975,156.2048,0.4507,-0.8699,1.9695,14.881,0.0,64.5909,49.1221,38.0668,11,5.0219,3.6621,1.5117,0.7418,1.0227,False,,135.4533,134.9451,132.4049,0.4055,True,2.3024
DNA,14.98,9.366,7690800,115208184.0,13.165,10.8167,8.2752,5.9059,1.8266,17.5845,87.066,0.0,88.2979,83.6391,74.0985,16,1.243,8.2977,2.8973,0.6667,1.7295,False,,13.2947,12.268,10.5828,5.6257,True,25.625
DOCS,28.58,26.762,3164000,90427120.0,28.3375,27.0408,25.6,1.8341,0.6253,1.985,12.8906,0.0,71.5139,65.3878,62.0933,4,1.1713,4.0985,1.6532,0.2809,0.3038,False,,28.2213,27.5789,27.0036,0.7951,True,4.5096
DT,60.21,52.487,5992100,360784341.0,59.1325,57.9817,52.5424,1.1395,0.6688,2.6085,15.4782,0.0,82.7929,74.6986,69.926,3,1.6819,2.7934,1.8646,0.4731,0.3986,False,,59.2747,58.7396,57.483,0.7839,True,3.1169
DXC,11.66,11.079,6614400,77123904.0,11.3075,10.9042,11.0503,2.9846,0.0827,4.0018,6.4222,0.0,64.1988,57.8566,53.7527,3,0.5582,4.787,2.574,0.7403,1.9054,False,,11.3073,11.0342,11.0587,0.4529,False,2.2486
ECHO,98.21,90.121,6795100,667346771.0,92.53,92.2283,90.0832,2.268,0.2919,7.5867,10.509,1.0,76.2658,67.1962,60.9393,2,3.3,3.3601,2.0705,0.4977,1.0304,False,1.0,93.4353,92.0047,92.3292,0.6328,False,1.198
EIX,54.24,60.746,4791100,259869264.0,53.915,53.7267,62.5533,0.3065,-0.8475,0.7697,15.2402,0.0,52.2674,38.6683,35.0598,5,1.8198,3.3552,1.5422,0.8626,0.9352,False,,53.9467,53.5098,54.0093,-0.1185,False,-0.1159
ELPC,13.92,11.962,2231200,31058304.0,12.8925,12.5175,11.8245,3.4323,0.3887,12.5461,22.7118,1.0,85.5789,76.2209,67.2227,2,0.4457,3.2021,3.6487,-0.9187,-3.352,False,,13.0113,12.6651,12.5535,1.1374,True,3.6469
EMR,162.33,155.506,2139200,347256336.0,159.4025,156.5858,155.4465,0.8015,0.1916,3.0171,5.6388,2.0,74.4847,66.1171,60.295,3,3.9524,2.4348,1.9532,-0.1682,-0.1373,False,,160.0827,158.8573,155.7314,0.571,True,2.7941
EQPT,18.9,18.564,2994200,56590380.0,18.0625,17.9575,18.723,0.5552,0.0105,7.4602,3.669,1.0,62.6367,55.7685,51.9775,2,1.1941,6.318,2.5782,0.0097,0.0074,False,,18.2787,18.0378,17.9805,0.4411,True,1.6584
ESI,37.54,35.564,3356400,125999256.0,37.02,35.5158,35.9046,1.0659,0.1163,3.6737,6.8945,2.0,70.9651,62.7679,56.57,10,1.3335,3.5522,1.3117,-0.4118,-0.3672,False,,37.1293,36.4593,35.3431,0.7667,True,5.0539
ESTC,94.91,86.508,2572400,244146484.0,93.215,90.5142,85.193,1.6523,0.7854,2.505,12.157,0.0,74.5853,64.2265,63.838,1,3.7057,3.9045,1.5966,0.6394,1.0209,False,,93.296,91.7371,90.1025,0.6732,True,3.5443
ETR,100.82,104.615,2128100,214555042.0,100.3475,99.9967,104.8188,0.2644,-0.1494,1.1285,4.7642,0.0,53.6137,43.3594,41.5301,3,1.9555,1.9396,1.393,0.2025,0.1386,False,,100.4813,99.8518,100.6074,-0.1356,False,-0.1253
EXEL,58.85,55.707,2580700,151874195.0,58.3975,58.0983,55.8797,0.0857,0.1121,2.3845,6.9978,0.0,62.9587,57.7576,54.0074,2,1.6766,2.8489,1.4098,0.0481,0.0645,False,,58.4733,58.3318,57.9714,0.1877,True,0.8659
FCEL,18.07,18.772,5496300,99318141.0,17.38,17.2142,18.2936,1.668,-0.6574,4.603,7.8366,0.0,63.2839,54.4098,46.7137,5,1.3863,7.672,1.635,0.8333,0.9845,False,,17.578,17.1622,16.9998,0.8028,True,3.4014
FORM,147.99,123.768,13931800,2061767082.0,148.71,134.6458,118.0847,1.9934,0.7875,3.376,28.0183,0.0,81.9615,74.6349,65.6425,13,7.6348,5.159,10.8943,0.1498,1.6319,False,,147.7727,142.2055,132.1126,1.8779,True,11.8536
FRO,53.75,46.701,5384300,289406125.0,51.8275,49.7292,45.4443,2.3525,0.7033,5.5231,20.345,0.0,81.2264,71.7072,68.0345,3,2.0628,3.8378,1.4173,0.3876,0.5493,False,,52.122,50.5709,50.2398,0.8058,True,3.7465
FRSH,13.22,12.396,3591900,47484918.0,12.985,12.6992,12.5947,1.2398,0.3389,1.9638,5.1238,0.0,65.5289,59.6592,59.1723,1,0.4817,3.6439,1.7598,0.9149,0.7143,False,,12.9887,12.8515,12.7055,0.5214,True,2.2289
FTRE,21.11,18.867,2266600,47847926.0,20.115,20.0058,18.7328,1.7174,0.2359,5.394,13.1703,0.0,71.9833,64.9061,58.0392,2,1.036,4.9075,1.7479,0.8662,1.514,False,,20.226,20.0687,19.7892,0.9966,True,2.2073
FTV,57.38,58.066,3652900,209603402.0,56.375,55.875,58.0461,0.8775,-0.0412,2.7406,1.8366,2.0,68.3017,57.4875,51.8854,3,1.0881,1.8963,1.9054,-0.1489,-0.2838,False,,56.622,56.2151,55.866,0.2942,True,1.3532
GAP,23.3,21.535,6939000,161678700.0,22.8475,22.16,21.2575,-0.2623,0.2991,2.9215,10.6198,0.0,68.0108,62.9142,59.1352,1,0.8483,3.6407,1.8884,0.5169,0.6093,False,,22.932,22.7227,22.0851,0.7001,True,3.8345
GEO,32.34,31.256,4635600,149915304.0,31.24,30.9742,31.298,1.1105,0.1161,6.178,5.9811,2.0,66.1799,58.0228,55.004,2,1.3723,4.2435,1.9778,-0.1067,-0.1809,False,,31.4273,31.1609,31.1078,0.3618,True,1.0273
GGB,5.17,4.853,30967000,160099390.0,4.9275,4.8842,4.8346,2.7258,0.0945,11.2126,13.35,2.0,72.0256,62.02,55.0029,3,0.1913,3.7004,2.6087,-0.55,-1.4348,False,,4.96,4.8836,4.9092,0.4559,False,1.0355
GGG,78.83,78.787,2024200,159567686.0,77.8625,77.6392,79.1585,0.2347,-0.0319,1.9361,2.6257,0.0,65.5745,57.2387,51.5562,3,1.3777,1.7476,1.4974,0.5284,0.7912,False,,78.0847,77.9553,77.5359,0.2065,True,0.7078
GMAB,38.48,33.581,12403300,477278984.0,35.8637,35.3279,33.2082,2.0494,0.6462,12.0072,20.9643,0.0,82.2709,76.2848,72.9592,1,1.336,3.472,3.4384,0.3437,1.1817,False,,36.1313,35.7161,35.1276,1.1472,True,2.8573
GME,25.24,20.859,11957000,301794680.0,24.6712,24.0371,20.489,1.5111,0.3571,4.4738,25.7991,1.0,70.6171,69.1529,62.23,1,0.9626,3.8137,1.7185,-0.0647,-0.0709,False,,24.6897,24.4258,23.7186,1.1013,True,4.094
GOF,8.6,9.313,2421600,20825760.0,8.6075,8.5771,9.4727,0.189,-0.4374,0.0871,9.213,0.0,46.7017,38.1261,32.2321,7,0.1772,2.0605,1.315,-1.0,-0.8627,False,,8.617,8.5778,8.6155,-0.1792,False,0.0177
GTES,27.81,26.759,2142900,59594049.0,27.04,26.5133,26.6909,1.0876,0.1655,4.1975,5.5604,2.0,77.236,66.6967,58.7389,3,0.866,3.1139,1.3603,0.1257,0.1711,False,,27.2127,26.9205,26.4714,0.6198,True,2.8003
GTLB,51.5,45.29,3211500,165392250.0,49.62,48.6429,44.7807,2.4429,0.8669,4.3128,15.5856,2.0,74.1087,66.5161,66.2069,1,2.0783,4.0355,1.8216,0.7488,0.6046,False,,49.8453,48.8138,48.7165,0.6096,True,2.3171
GTX,26.68,27.527,3304900,88174732.0,26.5075,26.1058,27.4708,0.4158,-0.3421,2.4616,3.279,2.0,58.9563,50.7555,42.6618,7,0.8009,3.0018,1.6225,-0.6271,-1.0175,False,,26.582,26.2747,26.2118,0.0819,True,1.4124
GWRE,163.23,165.448,2116800,345525264.0,153.32,149.5467,166.2578,3.4353,0.1311,6.9593,8.263,0.0,70.9664,57.2622,54.5888,1,8.2694,5.0661,1.8896,0.8675,1.6392,False,,154.5593,151.1776,149.466,0.9698,True,3.4077
HAFN,10.28,8.937,3663900,37664892.0,10.135,9.6117,8.6416,1.5161,0.6537,2.812,20.5791,0.0,77.9341,70.3512,67.0708,4,0.4021,3.9115,4.3018,0.4043,0.3936,False,,10.144,9.7951,9.6341,0.8132,True,5.2927
HAS,92.38,91.715,2127000,196492260.0,89.895,88.4092,91.8826,1.1524,-0.0509,2.82,0.5958,0.0,72.8632,60.0351,52.2666,3,2.4095,2.6083,1.7821,0.964,1.056,False,,90.2413,89.3238,88.9,0.3574,True,1.5089
HIMS,29.67,29.609,7996500,237256155.0,29.4438,29.1762,29.4579,0.827,0.1943,2.025,1.9759,0.0,58.2479,54.4615,53.6406,1,1.6798,5.6616,2.1267,0.4032,0.312,False,,29.3717,29.2651,29.0092,0.3492,True,1.2494
HNGE,98.35,89.795,3175200,312280920.0,97.8,95.1858,90.2711,0.7956,0.5612,2.0501,10.5614,0.0,68.839,64.1992,64.0406,1,3.7754,3.8388,2.2824,-0.1916,-0.4374,False,,97.732,96.3165,95.1187,0.4617,True,2.7474
HPE,68.36,56.445,15822700,1081639772.0,66.5425,63.5517,57.0058,2.6149,0.8125,3.8434,21.2158,2.0,74.2169,68.621,65.1303,4,3.7546,5.4925,1.7404,0.3116,0.2665,False,,66.8107,65.1204,63.0296,1.2089,True,5.9989
HST,22.44,22.841,10854200,243568248.0,22.475,22.3508,22.6848,0.0,-0.2536,1.2013,2.115,0.0,53.4547,49.312,39.983,13,0.4103,1.8286,1.4414,0.4242,0.6115,False,,22.4793,22.456,22.3313,0.0905,True,0.6631
IBRX,10.38,8.352,16866900,175078422.0,9.8475,9.0558,8.149,4.0145,0.7847,9.7741,32.654,1.0,81.1741,72.8885,66.7669,5,0.6613,6.3709,2.3057,-0.2555,-0.2904,False,,9.907,9.4279,8.9949,1.9504,True,10.1398
ILMN,293.69,230.589,4222900,1240223501.0,276.5325,264.6008,223.0401,1.9804,0.8673,7.1303,32.8236,0.0,82.7172,77.4895,71.3153,2,13.0288,4.4363,1.4761,0.7922,1.1693,False,,278.4753,274.3127,259.8929,1.9381,True,7.15
INTR,6.56,5.557,28306200,185688672.0,5.67,5.3933,5.4571,6.5127,0.3672,22.2222,26.9913,1.0,86.3101,74.0408,63.563,4,0.3631,5.5353,5.6426,-0.7209,-4.0679,False,,5.762,5.4967,5.4449,2.0173,True,5.8237
IOT,42.39,39.661,8076700,342371313.0,40.4175,39.1492,39.5124,2.772,0.3632,9.3833,11.889,2.0,78.0386,64.2464,59.56,3,2.0084,4.738,1.6731,-0.5198,-0.8697,False,,40.7167,39.724,39.5444,0.7056,True,2.9644
IR,78.55,78.627,4305400,338189170.0,76.245,75.2425,78.5557,0.681,-0.1595,3.4822,3.9153,0.0,75.201,61.8755,50.4824,10,2.1127,2.6897,1.8861,0.7953,0.6351,False,,76.632,76.2478,75.0177,0.5607,True,2.1519
ITUB,9.92,8.188,113279100,1123728672.0,8.8725,8.4183,8.0062,5.2941,0.4027,14.8493,27.2764,1.0,89.0408,80.2986,68.6344,4,0.4006,4.0379,4.1327,-0.4211,-1.7401,False,,8.964,8.6142,8.4447,1.8833,True,6.1498
KMT,32.86,31.218,2163400,71089324.0,31.9675,30.88,30.8161,1.4573,-0.0324,4.1683,8.0604,2.0,78.7243,68.0516,54.9985,10,1.0898,3.3165,1.5498,0.2446,0.3791,False,,32.1467,31.6256,30.8592,0.7965,True,4.1719
KOD,93.81,69.304,3235600,303531636.0,95.365,63.21,45.0028,0.7077,2.5098,8.1634,114.7421,0.0,85.2248,85.0364,79.6637,8,8.9347,9.5242,37.8986,0.3753,0.2039,False,,94.8513,82.9304,63.3434,7.0847,True,49.7415
KSS,19.53,18.208,5133300,100253349.0,18.9262,18.0529,18.2789,1.6112,0.0036,4.5373,8.2397,0.0,77.6117,63.9227,54.4442,11,0.9076,4.6471,1.341,0.4603,0.6173,False,,18.9897,18.5735,17.9872,0.9892,True,5.5733
KVYO,16.7,17.523,4255600,71068520.0,16.0825,15.8983,17.5077,2.2798,-0.2047,4.1505,9.7255,0.0,60.8306,51.0564,48.5012,1,0.9038,5.412,1.4896,0.8942,0.6184,False,,16.108,15.9542,16.0267,0.2337,False,0.5075
LBRT,19.59,19.499,3500500,68574795.0,18.8975,18.7208,19.7434,1.5331,0.1807,5.5695,3.0307,1.0,65.6105,55.246,53.755,2,0.9274,4.7341,1.6851,0.1056,0.0828,False,,19.032,18.8262,18.9346,0.0912,False,0.5143
LEVI,20.27,21.183,4196200,85056974.0,19.94,19.8417,21.2892,0.6541,-0.4361,2.4323,6.549,0.0,69.3898,49.6706,36.5005,13,0.5118,2.525,1.61,0.4151,0.6683,False,,19.9827,19.8862,19.8781,0.1293,True,0.5261
LIN,482.38,477.882,2798200,1349795716.0,476.49,470.1608,477.3792,0.4738,-0.1195,1.9822,1.7922,1.0,73.6091,60.3687,48.8691,10,8.5089,1.7639,1.3543,0.2401,0.3252,False,,477.3893,474.6549,470.081,0.3043,True,1.5547
LION,11.17,11.674,2246100,25088937.0,11.195,11.125,11.5933,-0.0447,-0.4136,1.2059,4.5997,0.0,50.7421,46.6406,39.6332,6,0.4154,3.719,1.4602,-0.2414,-0.1666,False,,11.1887,11.1369,11.1571,-0.0034,False,0.2825
LSCC,132.85,122.448,2260500,300307425.0,130.3325,124.46,121.0978,1.4199,0.1495,3.5812,11.4801,2.0,74.8027,66.319,57.6242,12,5.3128,3.9991,1.4683,-0.2874,-0.3747,False,,130.9047,128.4105,123.0079,1.1182,True,6.4198
LSPD,10.21,10.113,2568400,26223364.0,9.87,9.7192,10.1674,1.172,0.1177,3.4448,0.4191,0.0,73.9492,60.0405,55.8536,1,0.2825,2.7666,4.1272,1.0,2.7039,False,,9.9107,9.828,9.7618,0.4077,True,1.5254
LTH,40.06,42.509,2417300,96837038.0,40.3225,39.9425,42.5826,-0.0124,-0.2111,0.9858,6.2411,0.0,46.0124,43.0654,43.0222,3,1.3688,3.4169,2.026,-0.7611,-0.5222,False,,40.3453,40.1267,40.1997,-0.1502,False,0.3624
LWLG,5.55,6.087,4175200,23172360.0,5.4238,5.3196,5.962,1.7202,-0.1785,4.7246,10.5998,0.0,59.8057,54.0518,50.086,3,0.3608,6.5011,1.7401,0.2571,0.3537,False,,5.471,5.356,5.2681,0.6166,True,3.8516
LYFT,15.73,16.373,11471500,180446695.0,15.3538,15.0846,16.3008,1.0887,0.024,2.9065,5.2805,1.0,72.1303,54.337,52.0695,1,0.5043,3.2062,1.5556,0.6111,0.9506,False,,15.4147,15.2031,15.1988,0.2577,True,1.4202
MAT,16.05,14.399,14729500,236408475.0,14.755,13.72,14.3157,4.9138,0.1276,9.4544,12.8136,2.0,83.03,72.1277,61.6189,3,0.9038,5.6315,5.469,0.8485,1.3633,False,,14.9993,14.2698,13.8434,1.6691,True,8.3504
MPC,433.47,373.633,2124100,920733627.0,417.875,403.5642,372.875,2.5105,0.6985,4.7371,17.3771,1.0,82.1192,73.3292,70.6363,3,16.3506,3.772,1.4771,0.4938,0.3919,False,,420.0253,408.7018,405.4254,0.7615,True,3.6011
MRNA,203.21,147.875,19313300,3924655693.0,193.6775,188.3933,132.7361,-0.0219,2.4083,6.2436,55.0219,0.0,72.6112,71.1367,69.9943,1,14.1806,6.9783,1.9725,0.7423,0.911,False,,195.4247,195.1815,183.1395,1.8673,True,6.7081
MRVI,8.52,7.433,2630300,22410156.0,7.895,7.59,7.1423,2.7936,0.5402,8.613,20.0597,0.0,83.2844,70.7128,62.9504,2,0.4181,4.907,1.8859,0.8581,0.9686,False,,7.978,7.8095,7.5306,1.6234,True,5.9405
MSFT,525.18,491.68,26604700,13972256346.0,517.1787,507.9212,498.0405,0.7833,0.3239,2.9335,6.8889,2.0,77.2838,67.67,64.6335,2,12.0667,2.2976,1.8891,-0.318,-0.4023,False,,518.0117,513.8673,507.6344,0.438,True,2.0442
MXL,105.49,75.715,2820200,297502898.0,98.4475,91.2042,74.2693,3.3123,1.1354,10.0383,45.861,1.0,80.7235,74.0649,65.8791,3,7.1558,6.7834,1.4922,-0.0422,-0.0372,False,,100.042,95.8225,88.8195,2.7256,True,12.6351
NAT,8.37,7.293,7360700,61609059.0,8.215,7.9617,7.184,1.194,0.5188,6.0256,21.2413,0.0,74.5812,69.8409,65.4881,3,0.3543,4.2328,1.5262,-0.2364,-0.3607,False,,8.2547,8.0678,7.9533,0.7401,True,3.7888
NCLH,14.87,16.295,21601400,321212818.0,14.8262,14.4983,16.3879,0.1097,-0.5094,2.8918,9.5066,1.0,56.5016,47.3042,40.5254,7,0.578,3.887,1.5779,-0.8118,-0.7786,False,,14.8627,14.7024,14.5645,0.1687,True,2.047
NTAP,223.77,195.052,3365700,753142689.0,218.8,206.0354,195.2746,1.673,0.5558,5.1188,17.7829,0.0,82.078,74.7639,68.1642,7,8.9013,3.9779,2.167,-0.064,-0.0913,False,,219.9053,213.1773,205.543,1.2031,True,6.9875
NTNX,73.41,67.046,3373700,247663317.0,71.9075,70.1508,67.0116,1.161,0.4601,3.1742,10.7121,2.0,83.5086,73.0229,68.4169,3,1.9361,2.6374,1.553,0.1789,0.2779,False,,72.112,70.9142,70.0043,0.6207,True,3.0108
NU,15.18,14.277,180502100,2740021878.0,13.6375,13.4817,14.26,5.3082,0.1052,13.3639,8.4152,3.0,76.1529,63.1934,56.0627,1,0.7113,4.686,2.3175,0.0968,0.2204,False,,13.8093,13.4414,13.6039,0.8938,False,1.5101
NVAX,12.56,9.682,28701800,360494608.0,11.105,10.765,9.3515,3.9725,1.1974,20.5313,43.1324,0.0,85.6376,78.9332,74.6059,1,0.8252,6.5697,6.1786,0.4695,2.9005,False,,11.2573,11.0065,10.6238,2.1513,True,5.9638
NVDA,238.9,220.541,127171500,30381271350.0,233.0475,228.5025,221.0341,1.2522,0.4323,3.0255,8.625,2.0,82.8606,70.4297,65.0808,3,5.7563,2.4095,1.4165,0.5157,0.6649,False,,233.816,230.9618,227.0564,0.6356,True,2.9771
NVTS,12.34,12.27,17307400,213573316.0,12.1175,11.9888,12.183,1.2561,0.2376,2.0012,1.4525,0.0,63.2963,57.0432,54.8305,3,0.8392,6.8009,2.5373,0.9316,1.0021,False,,12.1743,12.05,11.8382,0.5623,True,2.8395
ODFL,179.37,192.912,2082100,373466277.0,177.9475,176.4767,193.2255,0.2687,-0.3717,1.7266,8.8268,0.0,56.0052,45.9765,40.1423,6,5.0173,2.7972,1.3203,0.3196,0.3691,False,,178.5473,177.4445,177.1449,0.0541,True,0.7917
OKTA,218.29,169.68,3150100,687635329.0,212.88,203.005,168.7833,1.5909,1.008,3.1943,30.1551,0.0,77.9536,72.9771,68.5328,4,9.3377,4.2777,1.4289,0.6797,0.597,False,,213.2247,209.0753,201.272,1.3023,True,5.9386
ON,85.93,76.282,11339600,974411828.0,81.9325,76.5883,75.9716,3.0988,0.0627,5.3672,13.6345,2.0,84.7341,70.7866,58.3046,12,3.5027,4.0762,2.2353,0.6708,0.7252,False,,82.6,79.7382,76.3846,1.5301,True,8.137
ONON,31.88,30.248,10726500,341960820.0,30.6375,29.7208,30.4871,1.9196,-0.3715,4.1534,4.6673,1.0,83.9453,68.0995,49.5308,14,1.12,3.5133,4.5632,0.945,0.714,False,,30.8133,30.4296,29.4797,1.1003,True,4.5239
OSCR,32.42,30.583,4683600,151842312.0,31.0275,30.5517,30.895,2.1583,0.0838,5.2776,5.7291,0.0,68.1508,58.0758,53.3431,2,1.6166,4.9864,1.4974,0.7315,0.655,False,,31.136,30.5715,30.8986,0.3231,False,0.7684
OUST,44.12,40.463,2987500,131808500.0,42.4288,40.7071,39.5614,2.4696,0.4731,5.9895,13.6714,0.0,71.7434,65.2481,58.7877,3,2.677,6.0675,1.6778,0.3993,0.4812,False,,42.761,42.0435,39.9991,1.4663,True,6.9048
PAGS,10.95,9.407,18829000,206177550.0,9.435,9.2275,9.2402,5.8656,0.2615,18.6539,21.1552,1.0,86.5348,74.2943,63.1641,2,0.5137,4.6914,5.9876,0.4525,2.7095,False,,9.6027,9.3105,9.3404,1.5967,False,2.8081
PANW,406.76,363.699,4450300,1810204028.0,400.89,387.6675,367.3565,1.1459,0.481,1.7536,11.042,0.0,72.6749,65.7494,61.7413,6,16.6775,4.1001,1.3138,0.7349,0.6436,False,,401.2413,395.8038,385.7709,0.8893,True,4.0103
PAX,11.1,10.98,3102700,34439970.0,10.4,10.2692,10.9313,2.5318,0.0259,8.1731,2.9154,1.0,81.4394,64.6176,55.8679,1,0.3462,3.1193,3.4228,0.6053,2.0717,False,,10.4747,10.3293,10.3011,0.6684,True,1.6845
PAYO,7.15,7.125,4337200,31010980.0,7.145,7.1392,7.1257,0.035,-0.0031,0.2099,0.482,0.0,57.9738,54.017,50.5741,10,0.0281,0.3936,1.755,0.0,0.0,False,,7.146,7.1449,7.1385,0.0207,True,0.1054
PBR,24.14,20.055,70272200,1696370908.0,21.91,21.1242,19.7775,4.0518,0.5533,13.0078,25.1928,1.0,89.7531,78.8957,69.1248,3,0.8641,3.5796,3.4817,-0.0122,-0.0426,False,,22.176,21.5351,21.2419,1.4486,True,4.3977
PBR.A,22.12,18.126,37601800,831751816.0,19.9575,19.2083,17.8283,4.2609,0.6447,13.8419,27.4381,1.0,91.1511,81.618,72.2019,3,0.7709,3.4849,5.0873,-0.0169,-0.0862,False,,20.2087,19.5984,19.2904,1.5729,True,4.7601
PCOR,54.18,56.174,5148800,278961984.0,52.1275,50.8983,56.3846,2.2504,0.015,6.6424,7.1554,1.0,69.7592,54.6603,52.168,1,2.4099,4.448,2.5574,0.1296,0.2498,False,,52.1773,51.216,51.4295,0.3435,False,1.4541
PCVX,73.82,63.135,14924000,1101689680.0,60.8125,58.6571,59.2762,7.3024,0.6572,49.2292,53.0969,1.0,87.8096,78.7806,70.9366,1,5.3212,7.2084,9.7712,-0.7681,-7.5057,False,,62.244,59.8593,59.1055,2.5243,True,5.31
PDI,14.2,14.935,4472300,63506660.0,14.19,14.0908,15.0512,0.2646,-0.2755,1.4094,5.9211,0.0,50.2229,42.4863,37.7012,5,0.2583,1.8191,1.596,-0.6522,-0.5902,False,,14.2067,14.1089,14.1771,-0.1378,False,0.2086
PEB,19.1,18.341,2293000,43796300.0,18.935,18.5792,18.3274,0.5162,0.0463,1.822,5.1977,0.0,81.5939,67.4262,57.0348,13,0.5046,2.6419,2.1163,0.3571,0.3692,False,,18.9627,18.8095,18.5321,0.4349,True,2.3231
PEG,68.68,72.173,5451700,374422756.0,67.995,67.9567,72.4346,0.3684,-0.2659,1.1619,6.7572,0.0,56.1365,41.6132,35.5425,5,1.1609,1.6903,1.4369,0.8313,1.1945,False,,68.114,67.7302,68.4463,-0.1475,False,-0.4855
PENG,60.71,54.224,2663400,161695014.0,57.93,55.8708,53.7707,2.1505,0.3759,6.9221,15.1929,2.0,72.9291,65.4841,58.8615,3,3.3539,5.5244,2.4859,0.0752,0.1283,False,,58.602,57.0889,55.0685,1.3652,True,6.4166
PGR,212.62,212.668,2775000,590020500.0,210.3,208.7208,214.0796,0.25,-0.0067,1.1127,2.7838,0.0,59.1332,51.0783,49.9785,1,4.4338,2.0853,2.1587,0.9912,0.8138,False,,210.824,209.2731,210.4124,0.005,False,0.1956
PINS,20.06,21.097,11432100,229327926.0,19.4175,18.92,21.2926,1.9764,-0.4452,3.6951,8.6537,2.0,69.6562,53.9057,45.4052,5,0.7305,3.6418,1.374,0.781,0.7275,False,,19.4693,19.1307,18.9626,0.5542,True,2.6722
PPL,32.95,34.373,6790600,223750270.0,32.85,32.6342,34.2477,0.282,-0.1655,1.0198,4.6944,0.0,56.1208,43.6426,40.552,4,0.5315,1.6129,2.4142,0.1376,0.1257,False,,32.8393,32.6264,32.8186,-0.0988,False,0.0631
PPLI,41.73,39.726,2073300,86518809.0,41.4875,39.0133,39.4455,0.5984,0.0154,1.8138,7.0843,0.0,71.1351,63.7733,55.1949,7,1.5225,3.6485,2.9832,0.0811,0.0952,False,,41.4247,40.5405,39.2111,0.8083,True,5.6451
PTC,192.26,157.667,29553300,5681917458.0,155.765,143.9508,145.0086,9.1888,0.8425,25.8627,35.1989,3.0,91.3501,82.5331,73.7584,3,9.8088,5.1018,22.1922,-0.8354,-18.5382,False,,159.666,150.5827,143.9144,3.7341,True,10.9451
PTON,5.01,5.346,8413700,42152637.0,4.9725,4.9321,5.3059,-0.1758,-0.5597,1.7597,8.2149,0.0,56.2139,47.6984,40.7934,7,0.1914,3.8204,2.3143,0.4737,0.4145,False,,4.9777,4.9456,4.9319,0.1048,True,0.9288
PWP,15.8,15.689,2783500,43979300.0,15.9225,14.6775,15.9143,-0.9065,0.1216,4.5376,4.4887,1.0,66.1439,58.311,54.5179,6,0.9168,5.8028,6.1121,0.7391,0.7519,False,,15.904,15.4825,14.7506,0.7412,True,7.8196
QDEL,12.14,13.171,2693100,32694234.0,10.9612,10.805,13.2546,3.5874,-0.7239,14.1293,20.6311,0.0,74.186,54.7106,44.8858,2,0.7732,6.3692,2.0726,0.6281,1.3019,False,,11.1093,10.9171,10.9272,0.7576,False,1.6664
RARE,14.5,17.881,4656600,67520700.0,14.875,14.8446,20.5043,-1.3356,-1.2161,4.4706,30.6976,0.0,40.9682,36.6063,35.1314,5,1.0229,7.0542,1.3863,-0.4727,-0.4544,False,,14.866,14.8495,14.6682,-0.0295,True,1.3484
RBRK,122.68,98.659,4107900,503957172.0,117.7825,114.1208,99.2414,1.6932,1.1257,5.5038,25.2149,1.0,81.4578,73.0555,69.122,5,5.0835,4.1437,1.57,0.494,0.7756,False,,118.5087,116.2762,112.2069,1.4717,True,5.6162
RCL,275.03,270.222,3026900,832488307.0,272.195,252.9125,278.5667,1.3295,-0.3654,1.7947,3.1866,0.0,73.9057,60.6716,47.2928,8,10.36,3.7669,3.9858,0.4452,0.3194,False,,272.5953,262.4047,255.6769,0.7903,True,6.6171
RELX,33.82,34.895,2245900,75956338.0,33.4775,33.3558,34.8045,0.4341,-0.1741,1.038,4.3657,0.0,58.4283,47.5941,45.0648,1,0.7573,2.2392,1.5759,0.9815,1.2312,False,,33.5233,33.4178,33.5616,-0.0148,False,-0.1139
RELY,22.91,23.8,3630400,83172464.0,21.875,21.5308,23.9032,1.6594,-0.0491,7.0629,9.1961,0.0,69.636,53.8775,50.7257,1,1.0336,4.5115,1.5442,0.4052,0.3775,False,,22.0147,21.7291,21.6908,0.3459,True,1.4931
RLJ,11.16,11.248,2117200,23627952.0,11.1188,11.0496,11.2071,0.2251,-0.2228,2.3487,1.4907,0.0,59.7523,52.1554,43.4899,19,0.2742,2.4567,1.6092,-0.2939,-0.391,False,,11.1317,11.1093,11.0385,0.1677,True,0.8438
RXO,28.65,22.523,20722200,593691030.0,23.4625,21.1733,21.1592,8.8398,0.8336,24.0703,37.5758,2.0,95.0517,85.6369,73.0716,5,1.6587,5.7897,11.182,0.1481,1.6566,False,,24.1653,22.446,21.2446,3.8765,True,13.748
S,25.43,21.978,8461100,215165773.0,24.7275,23.7992,21.9368,2.1563,0.6991,3.1645,16.2884,2.0,77.5634,69.5624,64.713,4,1.0661,4.1923,1.4265,0.7143,0.7781,False,,24.814,24.1922,23.6215,1.1758,True,5.0485
SBS,6.26,5.092,28765500,180072030.0,5.5525,5.3475,5.1114,4.9849,0.3366,14.543,24.4274,1.0,89.7979,80.989,67.9517,4,0.2298,3.6712,4.1919,-0.0526,-0.2206,False,,5.6267,5.4355,5.3562,1.8,True,5.0498
SDGR,32.6,24.904,4619200,150585920.0,31.105,30.145,22.2088,1.8413,1.7029,6.3816,48.995,0.0,78.4561,75.7204,74.0312,1,2.098,6.4356,1.6781,0.7224,1.2122,False,,31.2033,30.5856,29.1019,2.1169,True,7.2211
SG,9.09,6.793,4531300,41189517.0,8.935,8.2758,6.9314,0.9559,0.7998,5.1494,35.5438,1.0,82.1878,75.7875,66.9641,12,0.4634,5.098,1.7602,-0.4187,-0.344,False,,8.9587,8.7065,8.1564,1.74,True,9.8357
SHEL,96.52,93.153,6929600,668844992.0,95.8525,95.2958,93.2107,0.3606,0.1403,1.1502,4.0171,0.0,63.6031,59.0353,57.615,2,1.5646,1.621,1.7693,0.6027,0.6074,False,,95.9727,95.8065,95.626,0.1012,True,0.3626
SHOP,160.11,141.306,8956200,1433977182.0,152.2225,145.4258,142.959,1.9587,0.5751,7.0735,14.0117,0.0,83.8796,70.5756,64.2467,5,6.9283,4.3272,2.6176,0.4898,0.3991,False,,153.2187,149.8396,144.0033,1.44,True,6.3994
SMMT,17.27,15.567,5277700,91145879.0,16.905,16.6479,15.2864,1.3474,0.5462,4.2295,15.2658,0.0,63.3561,58.6795,57.5204,1,1.2027,6.9643,4.1426,0.4068,0.2802,False,,16.9073,16.5915,16.7908,0.1412,False,0.6941
SMPL,9.94,10.518,2484800,24698912.0,9.785,9.7558,10.5536,0.8467,-0.0906,3.8324,6.8563,1.0,57.8698,48.0511,47.97,1,0.3589,3.6111,1.3949,-0.3333,-0.403,False,,9.8167,9.7251,9.7974,-0.0493,False,0.1968
SNPS,488.47,417.109,2819000,1376996930.0,475.96,433.0242,412.5627,3.9327,0.6139,6.8115,23.2249,3.0,86.1831,76.806,69.5105,4,20.9062,4.2799,2.499,-0.5187,-0.6235,False,,477.2313,455.5291,430.5329,1.7605,True,10.8467
SOLS,58.06,60.211,2509200,145684152.0,57.265,57.2108,59.5879,0.899,0.0244,2.7416,4.6703,0.0,57.5501,50.0659,50.0608,1,2.0408,3.515,1.4788,0.2365,0.2981,False,,57.3793,57.094,57.5283,-0.1157,False,-0.2589
SPCX,171.09,139.801,135688900,23215013901.0,157.255,152.3425,142.3971,3.5305,0.9031,9.6754,21.1191,1.0,81.3223,71.721,65.917,2,7.3149,4.2755,1.8913,0.8007,1.5144,False,,159.1073,154.4665,152.4952,1.3143,True,4.3359
STGW,8.53,8.67,2864300,24432479.0,8.3725,8.3317,8.6745,1.0506,0.01,5.106,2.4146,1.0,61.246,53.1571,51.1032,1,0.2892,3.3901,2.3833,-0.6119,-1.4585,False,,8.3953,8.3465,8.3703,0.105,False,0.2992
STM,57.68,52.185,8886500,512573320.0,55.4488,53.2454,51.9953,2.0314,0.1933,4.0691,10.9811,2.0,86.759,72.7331,60.6403,12,1.8624,3.2288,1.8951,0.9687,0.9658,False,,55.8577,54.4987,52.8668,1.104,True,5.6573
STNE,11.54,10.002,29445300,339798762.0,9.9625,9.6208,9.9271,5.8384,0.0241,21.0519,21.484,1.0,89.2291,75.254,59.7501,4,0.5997,5.1965,6.1024,0.1188,0.7252,False,,10.1413,9.7753,9.7046,1.85,True,4.5001
SU,68.77,66.624,3851700,264881409.0,68.825,68.3325,67.0552,0.4587,0.0662,0.7919,3.7801,0.0,52.3178,52.2193,52.0912,3,1.6865,2.4524,1.3952,-0.2519,-0.2623,False,,68.8427,68.5845,68.5777,0.0251,True,0.3864
SYK,285.22,305.417,3331500,950210430.0,277.2725,275.2567,307.2061,0.5833,-0.4436,3.1801,10.4835,0.0,67.3266,49.6206,41.1594,6,7.7182,2.706,1.3909,0.8431,1.1727,False,,278.4347,276.5991,276.3635,0.2733,True,0.7494
TDAY,7.43,6.872,2823900,20981577.0,6.9575,6.5792,6.7975,4.1451,-0.4085,8.3723,10.9231,3.0,85.6173,70.7386,51.0087,3,0.3194,4.2987,3.2326,0.0638,0.0713,False,,7.0273,6.7687,6.6032,1.4173,True,6.4225
TECK,67.87,66.617,2164800,146924976.0,66.86,66.4975,66.632,1.1356,0.1757,2.6623,3.0136,2.0,60.4446,54.9906,54.9853,2,2.2666,3.3397,1.6821,0.0191,0.0128,False,,67.0453,66.5298,66.3594,0.172,True,1.0337
TENB,38.51,35.144,3448300,132794033.0,36.965,35.8717,35.5376,2.4094,0.3653,4.7748,8.983,0.0,72.9599,62.6216,58.1551,4,1.9714,5.1191,1.5249,0.772,0.9544,False,,37.07,36.2295,35.825,0.9269,True,3.4751
TRIP,8.79,9.892,3608900,31722231.0,8.5125,8.5017,9.873,1.152,-1.182,3.4949,13.8057,0.0,64.4737,44.0211,31.0983,8,0.3614,4.111,1.4754,0.8667,0.7135,False,,8.5513,8.48,8.5792,0.0716,False,-0.3253
TRMD,41.05,34.583,2359600,96861580.0,39.475,36.8717,33.2723,3.172,0.7088,5.2438,24.8637,0.0,85.0515,75.3427,69.6471,4,1.6429,4.0022,1.3325,0.6155,0.7366,False,,39.5913,37.904,36.9168,1.3181,True,7.2449
TSM,485.8,427.341,10916400,5303187120.0,468.49,455.3267,429.5039,1.552,0.4184,4.0513,13.4961,2.0,90.3558,79.4811,70.9829,12,10.9908,2.2624,1.3091,0.6983,0.9141,False,,471.134,463.3989,452.1573,0.9462,True,4.1969
TTMI,133.14,125.287,2306100,307034154.0,128.5875,126.0642,124.0003,2.0308,0.3096,7.2266,11.1933,2.0,73.3237,63.1341,57.2897,3,7.2764,5.4652,1.7012,-0.6989,-0.8193,False,,129.4107,127.7198,124.934,0.7718,True,3.5832
TWST,205.0,144.875,3207900,657619500.0,193.7275,180.2883,142.3013,2.46,1.7518,7.3157,46.0985,0.0,82.1465,77.5274,73.145,1,12.8752,6.2806,1.758,0.689,0.9473,False,,194.422,188.8135,175.4909,2.5848,True,10.7875
TXG,97.74,66.815,3100500,303042870.0,92.5925,85.8958,67.4535,2.1009,1.5692,6.1856,45.7596,0.0,85.1802,80.6129,76.1839,2,5.5794,5.7084,1.4427,0.8086,0.7788,False,,93.318,90.3896,84.747,2.2572,True,10.1136
U,45.68,41.749,8743000,399380240.0,43.4625,42.3517,42.5067,3.4884,0.6331,6.6206,9.018,2.0,74.2431,64.6116,63.8255,1,2.2283,4.8781,4.1023,0.524,0.3845,False,,43.6873,42.6224,42.4636,0.7662,True,2.8819
UGP,7.77,6.965,8833000,68632410.0,7.47,7.4567,6.9152,1.4156,0.4127,10.8434,19.7359,1.0,73.9901,66.9118,63.0591,1,0.3011,3.8756,2.0618,-0.7739,-1.5957,False,,7.5107,7.4244,7.4565,0.4147,False,0.7261
UPWK,8.36,8.725,3182900,26609044.0,8.2275,8.2125,8.6793,0.7932,-0.2227,1.9751,7.0207,0.0,56.5276,48.8863,45.7752,1,0.2903,3.4731,1.3187,0.8125,1.0458,False,,8.2293,8.1884,8.2669,0.0043,False,-0.4545
VEEA,5.72,3.85,66903100,382685732.0,3.6725,3.4217,1.7138,24.7432,7.332,84.6127,295.5957,2.0,77.575,70.6399,68.9754,1,1.0953,19.1482,30.4261,0.0,0.0004,False,,3.9447,3.4707,3.5495,7.1017,False,11.1322
VFC,14.27,14.027,8755300,124938131.0,14.2675,13.895,13.9266,-0.4022,-0.1076,0.6161,3.0788,0.0,61.8386,58.7306,51.3414,13,0.4905,3.437,1.7646,0.4314,0.3878,False,,14.3013,14.2315,13.8167,0.5552,True,3.5075
VIAV,46.91,38.935,4803600,225336876.0,45.19,40.48,38.7348,2.8506,0.6678,5.5211,23.1064,2.0,90.2236,76.4005,64.854,8,2.5567,5.4502,1.6298,-0.1439,-0.1156,False,,45.5407,43.3469,40.3861,2.0692,True,12.7632
VIPS,12.71,13.501,2950000,37494500.0,12.4975,12.4533,13.5208,0.6623,-0.3979,2.4805,8.1413,0.0,64.185,49.4761,39.468,11,0.3081,2.424,1.4934,0.4968,0.5677,False,,12.506,12.4696,12.4389,0.1768,True,0.5394
VIR,11.78,10.45,3147200,37074016.0,11.355,11.0025,10.3187,2.5194,0.6086,4.5346,15.0329,0.0,72.8129,64.604,62.8986,1,0.6306,5.3529,1.784,0.8107,1.4463,False,,11.364,11.1244,10.9803,0.7909,True,3.4948
VIRT,62.88,59.53,2150000,135192000.0,58.1125,55.6183,59.573,4.0069,0.1358,9.5117,6.8268,1.0,80.6138,64.7308,57.3531,2,2.6937,4.2839,2.3694,0.522,0.7148,False,,58.6993,56.426,56.3973,0.9146,True,4.0818
VIV,12.62,11.784,2380100,30036862.0,11.7425,11.7075,11.748,2.6755,-0.0481,10.6238,10.5716,1.0,80.8935,69.1931,55.8063,2,0.3832,3.0368,2.1473,-0.8049,-1.7283,False,,11.8413,11.6824,11.7325,0.7279,False,0.9274
VLO,419.33,364.297,2556100,1071849413.0,405.425,394.0458,361.9148,1.9691,0.6485,4.0834,16.5965,0.0,78.0793,70.8576,69.0677,1,16.6504,3.9707,2.0484,0.7017,0.4642,False,,407.344,398.7487,395.551,0.6878,True,2.9814
VSH,37.1,33.156,4446300,164957730.0,35.525,33.5021,32.7207,3.3089,0.2202,6.5818,15.7165,2.0,74.8767,67.6839,58.0844,7,1.8205,4.9069,3.4421,-0.1895,-0.2607,False,,35.907,34.4831,33.4317,1.3264,True,7.404
VST,144.89,142.613,10862000,1573795180.0,140.755,139.8433,142.3724,0.7201,-0.0569,4.3942,3.2082,1.0,70.7947,57.9044,50.4915,3,5.1412,3.5483,2.7573,0.3212,0.6533,False,,141.424,140.2695,140.5832,0.1753,False,0.5981
VSXY,89.41,84.06,2618300,234102203.0,89.5275,85.7558,85.2743,0.0503,0.0298,3.2141,7.6525,0.0,65.1575,61.3413,54.9257,13,3.9365,4.4028,1.9134,0.0718,0.1375,False,,89.71,88.3158,84.6225,0.966,True,6.012
VVV,30.34,31.77,3254000,98726360.0,30.4575,29.0025,31.9007,0.568,-0.5471,1.8633,6.3029,0.0,62.866,51.6152,40.2895,10,1.0579,3.4869,1.9236,-0.2174,-0.2234,False,,30.4173,29.872,29.201,0.3586,True,4.1656
W,106.05,102.395,2368600,251190030.0,102.8075,101.8242,101.6085,1.002,0.3487,4.292,5.5227,0.0,69.4609,60.1935,57.3774,1,5.0554,4.767,2.0223,0.5895,0.5808,False,,103.0953,101.7716,101.8287,0.4514,False,1.2439
WBD,30.95,29.672,435637400,13482977530.0,30.9475,30.6192,28.57,0.0808,0.4178,0.1373,8.4704,0.0,80.6767,76.6238,75.3555,11,0.276,0.8916,5.4243,-0.6,-3.2546,False,,30.9407,30.9113,30.2736,0.4686,True,2.2036
WOLF,33.53,28.008,3306300,110860239.0,32.0475,28.8508,27.7474,4.2957,0.766,8.0889,24.8398,2.0,73.2875,67.6726,61.0604,7,2.5286,7.5414,3.0871,0.1429,0.1722,False,,32.4613,30.5076,28.5402,2.1499,True,13.7388
WRBY,26.65,25.741,3034700,80874755.0,27.2375,25.5083,25.68,-0.7498,0.0533,6.0854,5.2181,1.0,55.668,55.423,52.8815,8,1.6612,6.2334,2.8773,0.4861,0.3485,False,,27.1247,26.6829,25.6408,0.6161,True,5.7873
XEL,71.49,75.197,4492600,321175974.0,70.98,70.8525,75.2645,0.2822,-0.1945,1.3315,5.9848,0.0,54.3186,42.3393,39.7514,2,1.2763,1.7852,1.328,0.2531,0.208,False,,71.09,70.6838,71.3291,-0.1446,False,-0.3353
XERS,10.13,8.844,4664800,47254424.0,9.505,9.1892,8.5084,0.3953,0.4379,7.6802,20.2933,0.0,71.5569,67.7652,62.6081,1,0.6234,6.1542,8.1467,0.8117,0.8847,False,,9.588,9.4958,9.0272,1.685,True,6.2119
XP,28.15,20.143,48252400,1358305060.0,22.9538,21.3521,18.6873,8.9733,1.282,26.341,55.1858,1.0,95.2741,89.247,81.6911,4,1.5075,5.3553,5.9651,0.462,2.756,False,,23.5013,22.1939,21.3111,3.5743,True,10.2775
YMM,8.41,8.683,9832500,82691325.0,8.255,8.2417,8.6544,0.4249,-0.2885,2.3016,5.3253,0.0,66.3991,52.9755,43.203,11,0.1951,2.3202,2.9687,0.7217,1.0642,False,,8.27,8.2478,8.2252,0.208,True,0.5445
ZETA,32.88,28.726,8941000,293980080.0,32.3762,30.6496,29.3473,3.0577,0.8563,7.4862,18.58,3.0,78.0153,67.8393,66.3804,3,1.5507,4.7162,2.1418,-0.6271,-0.9994,False,,32.2877,31.2347,30.8157,0.7113,True,4.7766
